id;sentence;phrase;target
0;доченька твоя совсем большая стала;дочь;доченька
1;вся дорога забита деревьями и цветами;дерево;деревьями
2;в следующее воскресенье я собираюсь в питер;санкт петербург;питер
3;у меня сломалась стиралка прикинь;стиральная машина;стиралка
4;ты возьми корзину прежде чем набрать продукты;звонить;
5;Мама приготовила вкусный ужин.;еда;ужин
6;Я купил новый автомобиль вчера.;машина;автомобиль
7;На улице сегодня очень холодно.;жара;
8;Он посмотрел интересный фильм.;кино;фильм
9;Котёнок игриво прыгал по комнате.;кошка;котёнок
10;Собака громко лаяла на прохожего.;пёс;собака
11;В лесу много грибов и ягод.;гриб;грибов
12;Поехали на море в отпуск.;океан;море
13;Ребёнок сладко спал в кроватке.;дитя;ребёнок
14;Он получил отличное образование.;учёба;образование
15;Компьютер завис во время работы.;ноутбук;компьютер
16;Девушка читала увлекательную книгу.;роман;книгу
17;Музыкант играл на гитаре.;инструмент;гитаре
18;Врач осмотрел пациента.;доктор;врач
19;Стройка нового дома идет полным ходом.;здание;дома
20;Повар приготовил изумительный десерт.;сладкое;десерт
21;Погода сегодня просто замечательная.;здание;
22;Спортсмен выиграл золотую медаль.;атлет;спортсмен
23;Учитель объяснял новую тему.;педагог;учитель
24;Самолёт приземлился в аэропорту.;воздушное судно;самолёт
25;Мы посадили цветы в саду.;растения;цветы
26;Художник нарисовал прекрасный пейзаж.;картина;пейзаж
27;В магазине большой выбор одежды.;наряд;одежды
28;Он написал длинное письмо другу.;сообщение;письмо
29;Река течёт быстро и шумно.;поток;река
30;Солнце ярко светило на небе.;звезда;солнце
31;Город был окутан туманом.;мегаполис;город
32;Он чувствовал сильную боль в ноге.;недомогание;боль
33;Мой брат очень умный человек.;родственник;брат
34;Эта задача кажется очень сложной.;проблема;задача
35;Дети весело играли на площадке.;ребята;дети
36;Я выпил чашку горячего чая.;напиток;чая
37;Завтра я пойду в кино с друзьями.;театр;
38;Он работает программистом в крупной компании.;разработчик;программистом
39;Бабушка испекла вкусные пирожки.;выпечка;пирожки
40;Мы ехали на поезде всю ночь.;транспорт;поезде
41;В этом лесу водятся дикие звери.;животные;звери
42;Он купил билеты на концерт любимой группы.;выступление;концерт
43;Эта мелодия звучит очень красиво.;музыка;мелодия
44;Посмотри на эти чудесные облака.;гора;
45;Она носит элегантное платье.;одеяние;платье
46;Фермер выращивает пшеницу на поле.;зерно;пшеницу
47;Океан скрывает множество тайн.;большая вода;океан
48;Президент выступил с важным заявлением.;глава государства;президент
49;В парке много зелёных деревьев.;растение;деревьев
50;Этот суп очень горячий, будь осторожен.;блюдо;суп
51;Ученик быстро решил задачу по математике.;школьник;ученик
52;На столе стояла ваза с цветами.;сосуд;ваза
53;Капитан отдал приказ экипажу корабля.;судно;корабля
54;В горах выпало много снега.;осадки;снега
55;Он почувствовал внезапный страх.;боязнь;страх
56;Мой телефон разрядился в самый неподходящий момент.;смартфон;телефон
57;Эта новость вызвала большой интерес.;известие;новость
58;Водитель аккуратно вел автобус.;шофёр;водитель
59;Солдат проявил храбрость в бою.;воин;солдат
60;Цена на этот товар слишком высокая.;стоимость;цена
61;Здание университета выглядит очень старым.;сооружение;здание
62;Эта книга содержит полезную информацию.;сведения;информацию
63;Ветер сильно дул весь день.;погодное явление;ветер
64;Я люблю пить кофе по утрам.;бодрящий напиток;кофе
65;В городе построили новый мост через реку.;переправа;мост
66;Его ответ был очень точным.;вопрос;
67;Дети смеялись над забавной историей.;рассказ;историей
68;Огонь в камине создавал уют.;пламя;огонь
69;Он получил письмо от старого друга.;корреспонденция;письмо
70;Эта работа требует большого терпения.;труд;работа
71;Птицы пели свои утренние песни.;пернатые;птицы
72;Дорога была покрыта льдом.;путь;дорога
73;В комнате было очень тихо.;шумно;
74;Он испытал огромное счастье.;радость;счастье
75;Мне нужен совет по этому вопросу.;рекомендация;совет
76;Звезда ярко сияла на ночном небе.;небесное тело;звезда
77;Вода в озере была кристально чистой.;водоём;озере
78;Этот фильм оставил глубокое впечатление.;кинолента;фильм
79;Его слова прозвучали очень убедительно.;речь;слова
80;Медсестра сделала укол пациенту.;медицинский работник;медсестра
81;Я купил свежий хлеб в булочной.;продукт питания;хлеб
82;Машина быстро ехала по шоссе.;авто;машина
83;Сегодня прекрасный денёк для прогулки.;ночь;
84;На поляне расцвели красивые цветы.;луг;поляне
85;Он рассказал смешной анекдот.;шутка;анекдот
86;Море было спокойным и тёплым.;большая вода;море
87;Я отправил посылку по почте.;бандероль;посылку
88;Этот инструмент издает приятный звук.;музыкальный предмет;инструмент
89;В лесу мы собирали ягоды и грибы.;пустыня;
90;Полицейский остановил нарушителя.;страж порядка;полицейский
91;В комнате стоял старый шкаф.;мебель;шкаф
92;Он выпил стакан холодной воды.;жидкость;воды
93;Эта мелодия вызывает ностальгию.;композиция;мелодия
94;Ночью на небе видны звёзды и луна.;спутник Земли;луна
95;Мне приснился удивительный сон.;сновидение;сон
96;Он совершил героический поступок.;действие;поступок
97;Мой кот любит спать на мягком диване.;собака;
98;Она надела синее платье на вечеринку.;костюм;
99;Я пью апельсиновый сок каждое утро.;молоко;
100;Я купил новый ноутбук для работы.;портативный компьютер;ноутбук
101;На улице сегодня очень холодно, надень шапку.;головной убор;шапку
102;Мой кот любит спать на мягком диване.;домашний питомец;кот
103;Мы поедем в Москву на следующей неделе.;столица России;Москву
104;Он рассказал очень смешную историю.;веселый рассказ;историю
105;Эта книга очень интересная, советую прочитать.;литературное произведение;книга
106;Я хочу выпить чашку горячего кофе.;бодрящий напиток;кофе
107;Дети играли в футбол на спортивной площадке.;командная игра;футбол
108;Солнце ярко светило, и птицы пели.;небесное светило;Солнце
109;Мой брат работает программистом в крупной компании.;разработчик ПО;программистом
110;Вчера мы ходили в кинотеатр смотреть новый фильм.;кино;фильм
111;Я учусь в универе на экономиста.;университет;универе
112;Он купил себе новый смарт.;смартфон;смарт
113;Пожалуйста, передай мне пульт от телевизора.;дистанционное управление;пульт
114;Мы ехали на электричке в пригород.;электропоезд;электричке
115;На столе стояла ваза с цветами.;космический корабль;
116;Я люблю читать книги перед сном.;рецепт борща;
117;Погода сегодня замечательная, солнечно и тепло.;квантовая физика;
118;Он хорошо играет на гитаре.;политическая ситуация;
119;Завтра я иду на день рождения к другу.;сельское хозяйство;
120;Этот художник нарисовал прекрасный пейзаж.;мастер кисти;художник
121;Нужно срочно починить этот комп.;персональный компьютер;комп
122;Я отправил тебе сообщение в телеге.;Телеграм;телеге
123;Мы обсуждали последние новости политики.;актуальные события;новости
124;Эта мелодия очень знакомая и приятная.;музыкальная композиция;мелодия
125;В холодильнике есть свежие овощи и фрукты.;рефрижератор;холодильнике
126;Он известный спортсмен, чемпион мира по боксу.;атлет;спортсмен
127;Завтра ожидается сильный ливень с грозой.;обильный дождь;ливень
128;Она работает врачом в городской больнице.;медицинский работник;врачом
129;Ребенок быстро уснул после сказки.;маленький человек;Ребенок
130;Эта машина стоит очень дорого.;автомобиль;машина
131;Мы живем в большом городе с развитой инфраструктурой.;мегаполис;городе
132;Я забыл свой мобильник дома.;сотовый телефон;мобильник
133;Нам нужно купить билеты на самолет заранее.;воздушное судно;самолет
134;Он отличный повар, его блюда восхитительны.;кулинар;повар
135;В лесу мы собирали грибы и ягоды.;лесные дары;грибы
136;Посмотри, какая красивая бабочка села на цветок!;летающее насекомое;бабочка
137;Я всегда пью чай с лимоном по утрам.;цитрусовый фрукт;лимоном
138;Эта задача кажется очень сложной.;трудное задание;задача
139;В театре сегодня премьера нового спектакля.;постановка;спектакля
140;На крыше сидела черная кошка.;солнечная система;
141;Он пишет стихи о любви и природе.;ремонт автомобиля;
142;За окном шумел сильный ветер.;кулинарные рецепты;
143;Она прекрасно поет и играет на пианино.;мировая экономика;
144;Мы планируем отпуск на море этим летом.;программирование на Python;
145;В магазине продаются свежие булки и хлеб.;хлебобулочные изделия;булки
146;Мой дедушка рассказал интересную байку из своей молодости.;небольшая история;байку
147;Этот актер сыграл главную роль в известном фильме.;артист кино;актер
148;Нужно регулярно делать зарядку для поддержания здоровья.;физические упражнения;зарядку
149;На фотографии был запечатлен красивый закат над морем.;снимок;фотографии
150;Он получил письмо от своего старого друга.;послание;письмо
151;Этот велик я купил в прошлом году.;велосипед;велик
152;В парке много зелени и цветов.;растения;зелени
153;Его доклад был очень информативным и полезным.;выступление с сообщением;доклад
154;Скоростной экспресс прибывает на первую платформу.;быстрый поезд;экспресс
155;Она носит элегантные туфли на высоком каблуке.;обувь;туфли
156;Этот ученый сделал важное открытие в области физики.;исследователь;ученый
157;Нам нужно заправить тачку, бензин почти на нуле.;легковой автомобиль;тачку
158;В библиотеке царит тишина и рабочая атмосфера.;книгохранилище;библиотеке
159;Малыш увлеченно строил замок из песка на пляже.;ребенок;Малыш
160;Я люблю гулять по осеннему лесу.;запуск ракеты;
161;Эта картина висит здесь уже много лет.;рецепт пиццы;
162;Он быстро бежит по утрам.;древняя история;
163;Сегодня я приготовил вкусный ужин.;компьютерные игры;
164;На столе лежали ключи от квартиры.;музыкальные инструменты;
165;Вся семья собралась за праздничным столом.;родственники;семья
166;Он живет в маленькой деревушке у реки.;населенный пункт;деревушке
167;Надо бы перекусить чего-нибудь, я голоден.;прием пищи;перекусить
168;Ее глаза сияли от счастья.;органы зрения;глаза
169;Этот фильм получил несколько престижных наград.;кинолента;фильм
170;Мой пес всегда встречает меня у двери.;собака;пес
171;Врач прописал мне лекарство от кашля.;медикаменты;лекарство
172;Нам предстоит долгая дорога домой.;путь;дорога
173;Он починил сломанный стул.;предмет мебели;стул
174;Я отправил бабки через банк.;деньги;бабки
175;На небе не было ни единого облачка.;облако;облачка
176;Строители возводят новый жилой комплекс.;рабочие на стройке;Строители
177;Этот цветок очень приятно пахнет.;растение;цветок
178;Я люблю пить кефирчик перед сном.;кисломолочный продукт;кефирчик
179;Он работает шоферюгой на большом грузовике.;водитель;шоферюгой
180;Книга лежит на верхней полке.;атомная энергия;
181;Мы едем на дачу каждые выходные.;искусственный интеллект;
182;Ребенок играет с новой игрушкой.;биржевые котировки;
183;Солнце садится за горизонт.;древнегреческая философия;
184;Я выпил стакан воды.;покорение космоса;
185;Этот препод очень требовательный, но справедливый.;преподаватель;препод
186;Мы купили арбуз на рынке, он очень сладкий.;бахчевая культура;арбуз
187;Он хороший спец в своей области.;специалист;спец
188;По телеку показывали интересный фильм о природе.;телевизор;телеку
189;Она купила красивое платьице для праздника.;платье;платьице
190;Этот чел постоянно опаздывает.;человек;чел
191;Мой батя работает на заводе.;отец;батя
192;Я скачал новую игруху на комп.;компьютерная игра;игруху
193;Мы решили поехать на море дикарями.;самостоятельно путешествовать;дикарями
194;Он получил выговор от начальника за опоздание.;руководитель;начальника
195;Дети весело смеялись во дворе.;финансовый отчет;
196;На ужин была вкусная картошка с мясом.;космические исследования;
197;Я читаю эту книгу уже неделю.;ремонт дороги;
198;Завтра будет контрольная по математике.;охрана окружающей среды;
199;Он подарил ей букет красных роз.;строительство дома;
200;Мой кот очень любит спать на солнышке;домашнее животное;кот
201;Я купил новый ноутбук для работы;компьютер;ноутбук
202;На улице сегодня прекрасная погода, светит солнце;небесное светило;солнце
203;Мы поехали на море отдыхать этим летом;водоем;море
204;Вчера я читал интересную книгу о приключениях;печатное издание;книгу
205;Мама приготовила вкусный ужин: пюре и котлеты;родительница;Мама
206;Мой брат учится в университете на инженера;родственник;брат
207;Сегодня я видел красивый автомобиль красного цвета;машина;автомобиль
208;В лесу мы собирали грибы и ягоды;гриб;грибы
209;Вчера вечером шел сильный дождь с грозой;осадки;дождь
210;Этот фильм получил множество наград на фестивале;кинолента;фильм
211;Новый смартфон имеет отличную камеру;мобильный телефон;смартфон
212;Я люблю пить кофе по утрам;бодрящий напиток;кофе
213;Моя сестра работает врачом в больнице;доктор;врачом
214;Дети играли на площадке во дворе;ребятишки;Дети
215;Он написал письмо своему другу;послание;письмо
216;На столе стояла ваза с цветами;растения;цветами
217;Я собираюсь поехать в отпуск на следующей неделе;каникулы;отпуск
218;В нашем городе построили новый стадион;спортивное сооружение;стадион
219;Он очень талантливый музыкант, играет на гитаре;музыкальный инструмент;гитаре
220;Я читаю книгу о программировании;готовить еду;
221;Мы гуляли в парке вчера вечером;лететь на самолете;
222;Он купил билеты на концерт любимой группы;плавать в бассейне;
223;На завтрак я съел овсяную кашу;ремонтировать машину;
224;Она прекрасно поет и танцует;решать математику;
225;Старый дуб рос посреди поля;древесина;дуб
226;Я еду в Москву на поезде завтра;столица России;Москву
227;У меня есть собака породы лабрадор;пёс;собака
228;Он работает программистом в крупной компании;айтишник;программистом
229;Пожалуйста, передай мне соль;приправа;соль
230;Мой дедушка рассказал интересную историю из своей молодости;дед;дедушка
231;В магазине продаются свежие овощи и фрукты;плод;фрукты
232;Она надела красивое платье на вечеринку;наряд;платье
233;Самолет приземлился в аэропорту вовремя;воздушное судно;Самолет
234;Эта река очень широкая и глубокая;водный поток;река
235;Он получил высшее образование в престижном вузе;учебное заведение;вузе
236;Я люблю гулять по лесу осенью, когда листья желтеют;осенний лес;лесу
237;Мы смотрели захватывающий боевик в кинотеатре;экшн фильм;боевик
238;Он починил сломанный стул своими руками;предмет мебели;стул
239;На вершине горы лежал снег даже летом;возвышенность;горы
240;Бабушка испекла вкусный пирог с яблоками;выпечка;пирог
241;Я отправил посылку почтой вчера;почтовое отправление;посылку
242;В нашем саду растут розы и тюльпаны;цветок;розы
243;Он известный писатель, автор многих бестселлеров;литератор;писатель
244;Мы живем в большом доме с садом;жилище;доме
245;Ребенок радостно смеялся, играя с щенком;малыш;Ребенок
246;На озере плавали утки и лебеди;водоплавающая птица;утки
247;Я купил новую рубашку синего цвета;одежда;рубашку
248;Этот город славится своей древней архитектурой;населенный пункт;город
249;Он хороший спортсмен, занимается бегом;атлет;спортсмен
250;Мы часто ходим в театр на спектакли;представление;спектакли
251;На кухне пахло свежесваренным кофе;напиток из зерен;кофе
252;Его мечта – путешествовать по всему миру;странствия;путешествовать
253;Эта картина была написана известным художником;произведение искусства;картина
254;Он работает водителем автобуса уже много лет;шофер;водителем
255;Для ремонта квартиры нужны стройматериалы;строительные материалы;стройматериалы
256;Собака весело виляла хвостом, встречая хозяина;домашний питомец;Собака
257;Мой комп начал сильно тормозить в последнее время;персональный компьютер;комп
258;Вчера я общался с преподом по поводу курсовой;преподаватель;преподом
259;Нужно заскочить в магаз за хлебом;магазин;магаз
260;Он любит слушать музыку разных жанров;заниматься спортом;
261;Я учу английский язык для будущей работы;готовить пиццу;
262;Она вяжет теплый шарф для своего сына;плавать в море;
263;Мы планируем поездку в горы на выходные;читать газету;
264;Этот ресторан предлагает блюда итальянской кухни;смотреть телевизор;
265;В холодильнике есть молоко, сыр и колбаса;молочный продукт;молоко
266;Строители возводят новый жилой комплекс;здание;комплекс
267;Сегодня я сдаю экзамен по математике;проверка знаний;экзамен
268;Мой друг работает врачом скорой помощи;медработник;врачом
269;На столе лежали яблоки, груши и бананы;фрукт;яблоки
270;Я пользуюсь общественным транспортом, чтобы добраться до работы;автобус или метро;транспортом
271;Он подарил ей букет красных роз;цветы;роз
272;В этом лесу водятся волки и лисы;хищное животное;волки
273;Наша команда выиграла футбольный матч;спортивное соревнование;матч
274;Я посмотрел интересный докфильм о природе;документальный фильм;докфильм
275;Его хобби – фотографировать пейзажи;фотосъемка;фотографировать
276;Она купила билеты на самолет в Сочи;авиабилеты;билеты
277;Этот чайник электрический, очень удобный;бытовой прибор;чайник
278;Велосипед – мой любимый вид транспорта летом;двухколесное транспортное средство;Велосипед
279;Мне нужен новый сотик, старый сломался;мобильник;сотик
280;Давай встретимся у метро через полчаса;подземка;метро
281;Я учусь в универе на экономиста;университет;универе
282;Мой батя всегда дает хорошие советы;отец;батя
283;По телеку показывали старый советский фильм;телевизор;телеку
284;Я скачал новую прогу для обработки фото;программа;прогу
285;Эта тачка стоит очень дорого;автомобиль;тачка
286;Мы пошли в кафешку выпить кофе;кафе;кафешку
287;Он служит в армии уже год;вооруженные силы;армии
288;Наша кошка любит играть с мячиком;игрушка;мячиком
289;Я читаю новости в интернете каждое утро;всемирная паутина;интернете
290;Он пишет стихи о любви и природе;спортивный инвентарь;
291;Я люблю плавать в бассейне по выходным;кулинарный рецепт;
292;Она рисует акварелью красивые пейзажи;компьютерная игра;
293;Мы собираем пазлы всей семьей;музыкальный инструмент;
294;Завтра я иду на день рождения к подруге;научная статья;
295;Наша дача находится недалеко от города, у реки;загородный дом;дача
296;Вечером мы смотрели комедийный сериал по телевизору;многосерийный фильм;сериал
297;Он отличный спец по компьютерам;специалист;спец
298;Для супа нужны картошка, морковь и лук;овощ;картошка
299;Он работает в крупной айти компании;информационные технологии;айти
300;доченька твоя совсем большая стала;дочь;доченька
301;вся дорога забита деревьями и цветами;дерево;деревьями
302;в следующее воскресенье я собираюсь в питер;санкт петербург;питер
303;у меня сломалась стиралка прикинь;стиральная машина;стиралка
304;ты возьми корзину прежде чем набрать продукты;звонить;
305;мой старый комп начал сильно тормозить;персональный компьютер;комп
306;мы едем на море в следующем месяце чтобы отдохнуть;пляжный отдых;море
307;он купил новый телек для своей гостиной;телевизионный приемник;телек
308;сегодня отличная погодка для долгой прогулки в парке;погодные условия;погодка
309;у бабушки в деревне есть курочки и большой петух;домашняя птица;курочки,петух
310;я читаю очень интересную книженцию о пиратах;книга;книженцию
311;мы собираемся поехать в Казань на весенние каникулы;столица Татарстана;Казань
312;он починил свой велик и поехал кататься с друзьями;велосипед;велик
313;детишки радостно бегали по зеленой площадке во дворе;маленькие дети;детишки
314;мне нужно купить свежий хлебушек и парное молоко;хлебобулочное изделие;хлебушек
315;в холодильнике есть вкусная докторская колбаска;мясное изделие;колбаска
316;он работает прогером в известной айти компании;разработчик программного обеспечения;прогером
317;завтра у меня будет важный экзамен по истории;итоговое испытание;экзамен
318;на улице сильный мороз и пронизывающий ветер;холодная погода;мороз, ветер
319;мой верный собакен весело вилял своим хвостом;домашний пес;собакен
320;посмотри этот видос он очень смешной и короткий;видеоролик;видос
321;я хочу купить красные наливные яблочки на рынке;фрукты;яблочки
322;на столе стояла красивая ваза с живыми цветочками;растения для букета;цветочками
323;моя старая тачка опять сломалась посреди дороги;автомобиль;тачка
324;он получил заказное письмо от своего старого друга;почтовое отправление;письмо
325;сегодня я ел очень вкусный грибной супец на обед;первое блюдо;супец
326;пойдем вечером в киношку на новый нашумевший фильм;кинотеатр;киношку
327;надо быстренько заскочить в магаз за свежими продуктами;торговая точка;магаз
328;он живет в современной высотке на окраине нашего города;многоэтажный дом;высотке
329;я сильно устал после интенсивной трени в спортивном зале;физическая нагрузка;трени
330;в городском парке много сочной зелени и высоких деревьев;растительность;зелени, деревьев
331;он рассказал очень смешную историю из своей бурной жизни;повествование;историю
332;у меня почти села батарейка в моем стареньком телефоне;элемент питания;батарейка
333;на чистом небе сияет такое яркое летнее солнышко;звезда;солнышко
334;пушистый котейка сладко мурлыкал и спал на диване;домашний кот;котейка
335;я люблю пить ароматный кофеек по утрам для бодрости;горячий напиток;кофеек
336;он подарил ей на праздник красивый букетик алых роз;цветочная композиция;букетик
337;мы долго гуляли по центральной набережной вечером;берег водоема;набережной
338;этот детективный сериал стал невероятно популярным среди молодежи;многосерийный фильм;сериал
339;в осеннем лесу мы собирали съедобные грибочки и лесные ягоды;дары леса;грибочки, ягоды
340;на завтрак я предпочитаю готовить яичницу или пышный омлет;блюдо из яиц;яичницу, омлет
341;она надела свое новое шелковое платьице на торжественный праздник;женская одежда;платьице
342;зимой мы часто катаемся на фигурных коньках и беговых лыжах;зимние виды спорта;коньках, лыжах
343;он слушает любимую музыку через большие беспроводные наушники;аудио гарнитура;наушники
344;я никак не могу найти свои старые очки для чтения;оптический прибор;очки
345;этот исторический фильм основан на вполне реальных событиях прошлого;кинематографическое произведение;фильм
346;в нашем саду обильно растут молодые яблони и сочные груши;фруктовые деревья;яблони, груши
347;он быстро бежал по лесной дорожке в большом парке;пешеходная тропа;дорожке
348;я люблю активно плавать в открытом бассейне жарким летом;искусственный водоем для плавания;бассейне
349;она превосходно готовит разнообразные блюда итальянской и французской кухни;кулинарные изделия;блюда
350;яркое солнце светило весь долгий летний день;синяя ручка;
351;черная кошка сидела на подоконнике и внимательно смотрела в окно;большая рыжая собака;
352;маленькие дети увлеченно играли в песочнице с яркими лопатками;читать научную книгу;
353;он купил много свежих сочных фруктов на местном рынке;капитальный ремонт автомобиля;
354;завтра я обязательно иду на важную встречу с давними друзьями;поливать комнатные цветы;
355;мой младший братишка приехал ко мне в гости на все выходные;родной брат;братишка
356;мы с удовольствием смотрели интересный документальный фильмец о природе;кинолента;фильмец
357;она купила себе новую модную сумочку известного итальянского бренда;женский аксессуар;сумочку
358;в нашем городе недавно открылся новый огромный торговый центр;комплекс магазинов;центр
359;он всегда носит с собой свой мощный рабочий ноут;портативный компьютер;ноут
360;на праздничном столе было выставлено много разных вкусняшек и напитков;сладости и угощения;вкусняшек
361;местные пацаны целыми днями играли в футбол на спортивной площадке во дворе;мальчишки;пацаны
362;я решил хорошенько пробежаться сегодня утром перед своей работой;легкая атлетика;пробежаться
363;мы собираемся ехать в солнечный Сочи на следующей неделе;популярный курортный город;Сочи
364;этот строгий препод очень требовательный на своих экзаменах по физике;университетский учитель;препод
365;я только что отправил важное текстовое сообщение своему непосредственному коллеге;электронное письмо;сообщение
366;она сама испекла очень вкусный шоколадный тортик на его день рождения;кондитерское изделие;тортик
367;мы уже давно планируем увлекательный поход в высокие горы этим летом;пешее путешествие;поход
368;он регулярно занимается активным спортом каждый день для поддержания здоровья;физическая культура;спортом
369;на письменном столе аккуратно лежали синие ручки и простые карандаши;канцелярские принадлежности;ручки, карандаши
370;в этом уютном ресторане превосходная традиционная европейская кухонька;гастрономическое направление;кухонька
371;он получил долгожданную зарплату и сразу пошел по своим любимым магазам;торговые заведения;магазам
372;моя верная мобила почти полностью разрядилась в самый неподходящий момент;сотовый телефон;мобила
373;мы быстро остановились в небольшом придорожном отельчике у самого синего моря;гостиница;отельчике
374;маленькие ребятишки увлеченно строили высокий замок из мокрого песка на пляже;малыши;ребятишки
375;за окном моей комнаты шел сильный проливной дождь с градом;полет на марс;
376;я предпочитаю пить только зеленый чай без добавления сахара;купить новый автомобиль;
377;она с интересом читала толстую книгу о древних египетских цивилизациях;играть на скрипке;
378;в тихом утреннем лесу красиво поют разные птицы и приятно шуршит листва;разработка веб приложений;
379;он уже третий день старательно ремонтирует свой старенький красный автомобиль;смотреть новости по телевизору;
380;моя любимая бабуля испекла нам вкусные пирожки с капустой и мясом;бабушка;бабуля
381;мы часто едем на переполненной электричке на нашу дачу под городом;пригородный электропоезд;электричке
382;он наконец-то купил себе новый мощный смарт последней модели;современный смартфон;смарт
383;моя младшая сестренка пошла в первый класс этой осенью;сестра;сестренка
384;я обожаю есть холодную мороженку в особенно жаркую летнюю погоду;замороженный десерт;мороженку
385;он уже много лет работает опытным водилой на большом грузовике;шофер;водилой
386;мы иногда ходим в нашу любимую кафешку просто чтобы выпить чашечку кофе;небольшое кафе;кафешку
387;в нашем областном городе есть довольно большой и престижный универ;высшее учебное заведение;универ
388;соседский лохматый песик всегда очень радостно нас встречает у ворот;маленькая собачка;песик
389;я кажется потерял свои теплые кожаные перчи где-то по дороге домой;перчатки;перчи
390;эта старинная книженция в кожаном переплете очень старая и довольно редкая;маленькая книга;книженция
391;он стал известный интернет блогер с почти миллионом активных подписчиков;создатель контента;блогер
392;на завтрак у меня сегодня был обычный бутер с сыром и вареной колбасой;бутерброд;бутер
393;мы всей семьей смотрели праздничный салют на день нашего любимого города;фейерверк;салют
394;она прилежно учится на будущего медика в столичном медицинском вузе;врача;медика
395;этот спальный райончик очень тихий спокойный и зеленый;небольшой район;райончик
396;я недавно скачал новую увлекательную игрушку на свой мобильный телефон;компьютерная игра;игрушку
397;он только что отправил мне смешную фотку со своего незабываемого отпуска;фотография;фотку
398;мы с трудом купили последние билеты в оперный театр на громкую премьеру;посещение спектакля;билеты
399;в нашем общем офисе недавно появился новый современный кофейный аппаратик;кофемашина;аппаратик
400;мама готовит вкусный ужин на кухне;прием пищи;ужин
401;новый смартфон обладает отличной камерой;мобильный телефон;смартфон
402;дети весело играли в парке на качелях;место для игр;парке
403;сегодня я посмотрел интересный фильм про космос;кинолента;фильм
404;он получил письмо от старого друга;послание;письмо
405;в магазине продаются свежие овощи и фрукты;зеленые продукты;овощи
406;погода сегодня замечательная для прогулки;атмосферные условия;погода
407;я собираюсь поехать в отпуск на море;зона отдыха;море
408;он быстро бежал чтобы успеть на поезд;транспортное средство;поезд
409;на столе стояла ваза с красивыми цветами;декоративные растения;цветами
410;мой кот любит спать на мягком диване;домашнее животное;кот
411;мы слушали музыку всю ночь напролет;звуковое искусство;музыку
412;строители возводят новый дом в центре города;жилое здание;дом
413;она купила красное платье для вечеринки;наряд;платье
414;ребенок нарисовал солнце и облака;дневное светило;солнце
415;я читаю увлекательную книгу перед сном;литературное произведение;книгу
416;он починил сломанный стул в гостиной;предмет мебели;стул
417;мы ели вкусный торт на дне рождения;сладкое угощение;торт
418;водитель аккуратно вел машину по дороге;автомобиль;машину
419;птицы пели свои утренние песни в саду;пернатые создания;птицы
420;профессор читал лекцию студентам в аудитории;учебное занятие;лекцию
421;на полке стояли старые фотографии в рамках;изображения;фотографии
422;спортсмен выиграл золотую медаль на соревнованиях;спортивная награда;медаль
423;девочка кормила уток на озере хлебом;водоплавающие птицы;уток
424;я выпил чашку горячего кофе утром;бодрящий напиток;кофе
425;художник нарисовал прекрасный пейзаж маслом;картина природы;пейзаж
426;в лесу мы собирали грибы и ягоды;лесные организмы;грибы
427;пожарные быстро потушили огонь в здании;сильное пламя;огонь
428;учитель объяснял новый материал ученикам;педагог;учитель
429;на ферме живут коровы куры и свиньи;молочные животные;коровы
430;он отправил важное сообщение по электронной почте;имейл;почте
431;зимой часто идет снег и бывает холодно;зимние осадки;снег
432;актер великолепно сыграл свою роль в спектакле;театральное представление;спектакле
433;бабушка испекла пирожки с капустой и картошкой;домашняя выпечка;пирожки
434;рыбак поймал большую рыбу в реке;речной обитатель;рыбу
435;компьютерная игра была очень захватывающей;видеоигра;игра
436;врач осмотрел пациента и назначил лечение;медицинский работник;врач
437;в зоопарке мы видели львов тигров и обезьян;дикие кошки;львов
438;садовник ухаживал за цветами в саду;работник сада;садовник
439;на небе сияли яркие звезды и луна;ночное светило;луна
440;я купил билеты на концерт любимой группы;музыкальное шоу;концерт
441;он написал интересную статью для журнала;печатная публикация;статью
442;дети строили замок из песка на пляже;песочное сооружение;замок
443;официант принес нам счет после ужина;работник ресторана;официант
444;по телевизору показывали новости о политике;информационная программа;новости
445;в библиотеке было много книг на разные темы;книгохранилище;библиотеке
446;она носит красивые сережки и ожерелье;ушные украшения;сережки
447;путешественники поднялись на высокую гору;горная вершина;гору
448;фермер собирал урожай пшеницы на поле;зерновая культура;пшеницы
449;музыкант играл на гитаре и пел песни;струнный инструмент;гитаре
450;в холодильнике есть молоко и яйца;сладкий десерт;
451;он любит кататься на велосипеде по парку;морское путешествие;
452;по радио передавали прогноз погоды;рецепт пирога;
453;сегодня отличный день для футбола;настольная игра;
454;я читаю новости в интернете каждое утро;художественная литература;
455;мой брат работает программистом в крупной компании;водитель автобуса;
456;на ужин у нас была жареная картошка с курицей;фруктовый салат;
457;она изучает иностранные языки в университете;строительство домов;
458;мы планируем поездку в горы на выходные;поход в театр;
459;в саду расцвели красные розы и белые лилии;овощные культуры;
460;я встретил своего однокашника в универе;высшее учебное заведение;универе
461;мы смотрели видосы на ютубе весь вечер;видеоролики;видосы
462;он купил новый телек с большим экраном;телевизионный приемник;телек
463;завтра едем на дачу сажать картоху;загородный дом;дачу
464;у меня сел мобильник в самый неподходящий момент;сотовый телефон;мобильник
465;надо заскочить в магаз за хлебом;торговая точка;магаз
466;он шарит в компах лучше всех;разбирается в компьютерах;шарит
467;она сдала экзамен на отлично;итоговое испытание;экзамен
468;мы пошли в киношку на новый блокбастер;кинотеатр;киношку
469;мой препод по математике очень строгий;университетский учитель;препод
470;он работает в офисе с девяти до шести;рабочее помещение;офисе
471;пожалуйста передай мне солонку;емкость для соли;солонку
472;я забыл свой зонтик дома а на улице дождь;защита от дождя;зонтик
473;мы заказали пиццу с грибами и ветчиной;итальянское блюдо;пиццу
474;в этом городе много исторических зданий;архитектурные памятники;зданий
475;река Волга впадает в Каспийское море;крупный водоем;море
476;он открыл свой бизнес в прошлом году;собственное дело;бизнес
477;на конференции обсуждали важные вопросы экологии;состояние природы;экологии
478;она мечтает о путешествии вокруг света;кругосветная поездка;путешествии
479;этот художник известен своими портретами;изображения людей;портретами
480;в аптеке можно купить лекарства без рецепта;медицинские препараты;лекарства
481;полицейский остановил машину за превышение скорости;страж порядка;полицейский
482;на рынке продают свежие фермерские продукты;место торговли;рынке
483;школьники готовятся к выпускным экзаменам;учащиеся школы;школьники
484;он увлекается фотографией и делает снимки природы;фотоискусство;фотографией
485;на обед был вкусный суп и второе блюдо;первое блюдо;суп
486;она работает волонтером в приюте для животных;добровольный помощник;волонтером
487;поезд прибывает на вокзал по расписанию;железнодорожная станция;вокзал
488;мы гуляли по набережной вечером;береговая линия;набережной
489;этот спортсмен установил новый мировой рекорд;выдающееся достижение;рекорд
490;я люблю слушать аудиокниги в дороге;печатное издание;
491;он подарил ей букет алых роз;садовый инструмент;
492;мы обсуждали планы на летние каникулы;зимние виды спорта;
493;ребенок собирает конструктор лего;музыкальный инструмент;
494;на стене висит картина с морским пейзажем;кухонная утварь;
495;я скачал новый альбом моей любимой группы;музыкальный сборник;альбом
496;в выходные мы поедем на пикник в лес;отдых на свежем воздухе;пикник
497;он починил свой велик и поехал кататься;двухколесное средство;велик
498;она отлично плавает в бассейне кролем;искусственный водоем для плавания;бассейне
499;я отправил резюме на вакансию в IT компанию;анкета соискателя;резюме
500;Этот автомобиль очень быстрый.;машина;автомобиль
501;Мне нужен хороший доктор.;врач;доктор
502;Он рассказал смешную историю.;анекдот;историю
503;Погода сегодня великолепная.;прекрасная;великолепная
504;Дети играли во дворе.;ребята;дети
505;Я поеду в Екб на выходные.;Екатеринбург;Екб
506;Купи мне мобилу новую.;мобильный телефон;мобилу
507;Мой комп опять завис.;компьютер;комп
508;В универ нужно сдать курсовую.;университет;универ
509;Посмотри телек, там новости.;телевизор;телек
510;Я люблю читать книги вечером.;спорт;
511;На улице идет сильный дождь.;солнце;
512;Завтра у меня важная встреча.;отдых;
513;Он приготовил вкусный ужин.;музыка;
514;Мы поехали на море летом.;зима;
515;В зоопарке мы видели льва, тигра и медведя.;хищник;льва
516;На столе стояли роза, тюльпан и гвоздика.;цветок;роза
517;Я купил молоко, хлеб и сыр.;продукт питания;молоко
518;В лесу росли березы, дубы и сосны.;дерево;березы
519;Он играет на гитаре и пианино.;музыкальный инструмент;гитаре
520;Он был очень печальный сегодня.;грустный;печальный
521;Эта задача весьма сложная.;трудная;сложная
522;Ребенок получил прекрасный подарок.;хороший;прекрасный
523;В комнате было очень тихо.;беззвучно;тихо
524;Старый дом выглядел жутко.;страшно;жутко
525;Они отправились в далекое путешествие.;поездку;путешествие
526;Это был громадный успех.;большой;громадный
527;Он говорил очень быстро.;скоро;быстро
528;Пожалуйста, помоги мне с этим делом.;содействие;помоги
529;Ее глаза сияли от радости.;блестели;сияли
530;Завтра идем в киношку.;кинотеатр;киношку
531;У меня новый ноут.;ноутбук;ноут
532;Нужно сделать домашку по матеше.;математика;матеше
533;Он работает в айти компании.;информационные технологии;айти
534;Позвони мне на сотку.;сотовый телефон;сотку
535;Мой препод очень строгий.;преподаватель;препод
536;Зачетка вся в пятерках.;зачетная книжка;зачетка
537;В магаз за хлебом сходи.;магазин;магаз
538;У меня болит башка.;голова;башка
539;Давай встретимся у метрошки.;станция метро;метрошки
540;Сегодня прекрасная погода для прогулки.;компьютерные игры;
541;Я учусь играть на гитаре.;кулинария;
542;Кошка спит на диване.;плавание;
543;Мы планируем поехать в горы.;морской круиз;
544;Он читает интересную книгу о космосе.;садоводство;
545;В холодильнике есть свежие фрукты.;ремонт автомобиля;
546;Дети строят замок из песка на пляже.;зимние виды спорта;
547;Я пью горячий чай с лимоном.;программирование;
548;На концерте было много людей.;рыбалка;
549;Она рисует красивый пейзаж.;философия;
550;На тарелке лежали яблоки и апельсины.;фрукт;яблоки
551;Он купил себе новый седан.;автомобиль;седан
552;В лесу мы видели волка.;дикое животное;волка
553;Она любит слушать рок и джаз.;музыкальный жанр;рок
554;Я посадил на даче помидоры и огурцы.;овощ;помидоры
555;В аквариуме плавала золотая рыбка.;рыба;рыбка
556;Он предпочитает черный чай.;напиток;чай
557;На лугу паслись коровы и овцы.;домашнее животное;коровы
558;В магазине продавались розы и тюльпаны.;цветок;розы
559;Он носит стильные кроссовки.;обувь;кроссовки
560;Моя бабуля печет вкусные пироги.;бабушка;бабуля
561;Этот гаджет очень полезный.;устройство;гаджет
562;Он живет в огромном мегаполисе.;большой город;мегаполисе
563;Мы наблюдали за северным сиянием.;аврора бореалис;сиянием
564;Он работает удаленно из дома.;дистанционно;удаленно
565;Эта кофточка тебе очень идет.;свитер;кофточка
566;Сосед опять сверлит стену перфоратором.;дрель;перфоратором
567;Пойдем перекусим в кафешке.;кафе;кафешке
568;У него крутая тачка.;автомобиль;тачка
569;Наша команда одержала викторию.;победа;викторию
570;Он купил красное яблоко.;зеленое яблоко;
571;Я читаю книгу о приключениях.;детектив;
572;На столе стояла ваза с цветами.;пустая ваза;
573;Он ехал на велосипеде по парку.;мотоцикл;
574;Она пьет кофе с молоком.;черный кофе;
575;Машина ехала очень быстро по шоссе.;скорость;быстро
576;Дети весело играли с мячом.;забава;весело
577;Солнце ярко светило на небе.;свет;ярко
578;Он купил себе новый смартфон последней модели.;телефон;смартфон
579;В лесу было много грибов: белые, подосиновики.;съедобный гриб;белые
580;Старый кот лениво дремал на солнцепеке.;собака;
581;Река спокойно несла свои воды к морю.;гора;
582;Компьютерная игра захватила все его внимание.;книга;
583;Он заказал пиццу с грибами и пепперони.;суши;
584;Лекция по истории была очень познавательной.;математика;
585;Птицы пели свои утренние песни в саду.;тишина;
586;Девушка заплетала длинные волосы в косу.;короткая стрижка;
587;Море было спокойным и прозрачным.;шторм;
588;Он строил планы на летний отпуск.;работа;
589;Чашка горячего шоколада согревала его в холодный вечер.;лимонад;
590;На выставке были представлены картины известных художников.;скульптура;
591;Он почувствовал сильную усталость после долгой дороги.;бодрость;усталость
592;За окном шумел городской транспорт.;природа;
593;Этот фильм получил множество наград.;кино;фильм
594;Студенты готовились к предстоящему экзамену.;сессия;экзамену
595;В холодильнике закончилось молоко.;молочный продукт;молоко
596;Маленький щенок радостно вилял хвостом.;собачка;щенок
597;Он решил изучать иностранный язык самостоятельно.;чужой язык;иностранный
598;Концерт любимой группы был просто незабываемым.;музыкальное выступление;концерт
599;После дождя на небе появилась яркая радуга.;атмосферное явление;радуга
600;Этот компьютер очень мощный и быстрый;персональный компьютер;компьютер
601;Моя собачка любит играть с мячиком;пес;собачка
602;Я еду в Екб на выходные;Екатеринбург;Екб
603;Купи, пожалуйста, молока и хлебушка;хлеб;хлебушка
604;Вчера я смотрел интересный фильм про космос;кинокартина;фильм
605;Этот телефон уже старый, пора менять;смартфон;телефон
606;Погода сегодня просто ужасная, льет дождь;осадки;дождь
607;Он известный писатель, автор многих бестселлеров;литератор;писатель
608;Мы живем в большом доме за городом;жилище;доме
609;На обед у нас будет суп и котлеты;первое блюдо;суп
610;Эта тачка стоит очень дорого;автомобиль;тачка
611;Мой препод по математике очень строгий;учитель;препод
612;Я купил новый телек с большим экраном;телевизор;телек
613;Завтра будет контрольная по истории;проверочная работа;контрольная
614;В лесу мы видели много грибов и ягод;гриб;грибов
615;Я хочу чашку горячего кофе;напиток;кофе
616;Он работает врачом в городской больнице;медик;врачом
617;Ребенок сладко спал в своей кроватке;дитя;Ребенок
618;Эта книга рассказывает о приключениях пиратов;морские разбойники;пиратов
619;Пожалуйста, передай мне соль;специя;соль
620;На улице светит яркое солнце;велосипед;
621;Я читаю новую книгу о программировании;музыкальный инструмент;
622;Мы поехали на море отдыхать на неделю;горный хребет;
623;В холодильнике есть молоко и сыр;канцелярские товары;
624;Он купил себе новые кроссовки для бега;кухонная утварь;
625;Столица Франции – Париж, прекрасный город;главный город страны;Столица
626;Волга – великая русская река;крупный водоток;река
627;Он получил пятерку за сочинение;отличная оценка;пятерку
628;У меня есть старший брат и младшая сестренка;сестра;сестренка
629;На вершине горы было очень холодно;возвышенность;горы
630;Мы летим самолетом в другую страну;воздушное судно;самолетом
631;Он известный спортсмен, олимпийский чемпион;атлет;спортсмен
632;Я люблю слушать музыку разных жанров;мелодия;музыку
633;В магазине продаются свежие овощи и фрукты;огородная продукция;овощи
634;Эта картина была написана известным художником;мастер живописи;художником
635;Мой дедушка рассказал интересную историю из своей жизни;рассказ;историю
636;Мы наблюдали за звездами через телескоп;небесные тела;звездами
637;Он отправил мне письмо по электронке;имейл;электронке
638;На ферме живут коровы, овцы и куры;домашняя птица;куры
639;Эта программа помогает редактировать фотографии;софт;программа
640;Я пью зеленый чай каждое утро;настой;чай
641;Полицейский остановил машину за превышение скорости;страж порядка;Полицейский
642;Дети построили замок из песка на пляже;сооружение;замок
643;Он работает водителем автобуса уже много лет;шофер;водителем
644;В нашем саду растут яблони и вишни;фруктовое дерево;яблони
645;Я оставил свой рюкзак в аудитории университета;учебное заведение;университета
646;Этот сериал стал очень популярным среди молодежи;многосерийный фильм;сериал
647;Мы заказали пиццу с грибами и ветчиной на ужин;итальянское блюдо;пиццу
648;Он изучает английский в лингвистическом центре;иностранный язык;английский
649;На стадионе проходил футбольный матч между двумя командами;спортивное соревнование;матч
650;Она купила красивое платье для вечеринки;нарядная одежда;платье
651;В зоопарке мы видели львов, тигров и обезьян;дикие кошки;львов
652;Он всегда носит с собой свой любимый ноут;портативный компьютер;ноут
653;Эта река очень быстрая и опасная для купания;водный поток;река
654;Здание театра было построено в прошлом веке;культурное учреждение;театра
655;Кот сидит на подоконнике и смотрит в окно;кухонный прибор;
656;Я люблю гулять по осеннему парку;морское путешествие;
657;Он починил сломанный стул в гостиной;финансовый документ;
658;Она готовит вкусный торт на день рождения;спортивный инвентарь;
659;Машина остановилась на красный свет светофора;музыкальный жанр;
660;В лесу пахло хвоей и свежестью после дождя;запах сосны;хвоей
661;Он ас в своем деле, лучший программист в компании;высококлассный специалист;ас
662;Мы пошли в кино на новый блокбастер;кассовый фильм;блокбастер
663;Эта новость быстро облетела весь инет;всемирная паутина;инет
664;Он работает пожарным и спасает людей;борец с огнем;пожарным
665;У него большая коллекция марок со всего света;филателистические знаки;марок
666;Эта кофейня славится своим ароматным эспрессо;крепкий кофе;эспрессо
667;На завтрак я предпочитаю овсянку или мюсли;каша из овса;овсянку
668;Он служил в армии в десантных войсках;воздушный десант;десантных
669;Ее голос звучал нежно, как флейта;музыкальный инструмент;флейта
670;Старый мост через реку нуждался в ремонте;переправа;мост
671;Дети с восторгом смотрели на фейерверк в ночном небе;пиротехническое шоу;фейерверк
672;Он написал заявление об уходе по собственному желанию;официальный документ;заявление
673;В аптеке можно купить лекарства и витамины;медицинские препараты;лекарства
674;Эта скульптура была создана из мрамора;произведение искусства;скульптура
675;Он знаменитый актер, снявшийся во многих фильмах;кинозвезда;актер
676;На столе стоял кувшин с прохладным лимонадом;освежающий напиток;лимонадом
677;Наблюдать закат на море – это прекрасно;вечерняя заря;закат
678;В библиотеке царила тишина, все читали книги;хранилище книг;библиотеке
679;Он увлекается альпинизмом и покоряет горные пики;восхождение на горы;альпинизмом
680;Девочка рисовала цветы в своем альбоме;строительный материал;
681;Поезд прибыл на вокзал точно по расписанию;кулинарный рецепт;
682;Мы слушали пение птиц в утреннем лесу;деловой костюм;
683;Он открыл окно, чтобы проветрить комнату;историческое событие;
684;Эта дорога ведет прямо к озеру;химический элемент;
685;Его квартира находится на последнем этаже небоскреба;очень высокое здание;небоскреба
686;На конференции обсуждались актуальные проблемы экологии;научное собрание;конференции
687;Этот рецепт пирога достался мне от бабули;бабушка;бабули
688;Он известный ученый, лауреат Нобелевской премии;исследователь;ученый
689;Малыш смешно ковылял по комнате;маленький ребенок;Малыш
690;Эта мелодия напоминает мне о детстве;музыкальная композиция;мелодия
691;Он опытный хирург, спасший много жизней;операционный врач;хирург
692;В порту стояли большие корабли и маленькие яхты;морское судно;корабли
693;На вершине холма открывался прекрасный вид на город;возвышенность;холма
694;Этот старинный замок хранит много тайн и легенд;древнее строение;замок
695;Его выступление вызвало бурю аплодисментов;громкие рукоплескания;аплодисментов
696;Собака громко лаяла на незнакомца во дворе;домашнее животное;Собака
697;В магазине стройматериалов он купил гвозди и молоток;крепежные изделия;гвозди
698;По телевизору показывали новости о текущих событиях;информационная программа;новости
699;Он выпил стакан воды, чтобы утолить жажду;жидкость;воды
700;Мой кот очень любит спать на подоконнике;домашнее животное;кот
701;Завтра ожидается сильный ливень с грозой;осадки;ливень
702;Он быстро пробежал стометровку на стадионе;спортивный бег;стометровку
703;Купи, пожалуйста, буханку свежего хлеба;хлебобулочное изделие;хлеба
704;Эта книга рассказывает о невероятных приключениях;автомобиль;
705;Мы поехали на море в отпуск;путешествие;поехали
706;В лесу мы видели много грибов и ягод;лесные ягоды;ягод
707;Он работает программистом в крупной IT-компании;разработчик ПО;программистом
708;Новый смартфон обладает отличной камерой;мобильный телефон;смартфон
709;Вечером я люблю пить чай с лимоном;горячий напиток;чай
710;Солнце ярко светило, и птицы пели;небесное светило;Солнце
711;Дети весело играли на детской площадке;ребята;Дети
712;Эта машина стоит очень дорого;авто;машина
713;Я читаю интересную статью о космосе;вселенная;космосе
714;Зимой часто идет снег и бывает холодно;зимние осадки;снег
715;Бабушка испекла вкусный пирог с яблоками;домашняя выпечка;пирог
716;Футбольный матч закончился ничьей;игра;матч
717;Он получил письмо от старого друга;послание;письмо
718;В магазине большой выбор свежих овощей;цитрусовые;
719;Строители возводят новый жилой комплекс;новостройка;комплекс
720;Музыкант виртуозно играл на скрипке;струнный инструмент;скрипке
721;Полет на самолете был комфортным и быстрым;авиаперелет;Полет
722;Ученик старательно выполнял домашнее задание;школьник;Ученик
723;Река течет медленно, извиваясь среди полей;водный поток;Река
724;Художник нарисовал прекрасный пейзаж;картина;пейзаж
725;На обед у нас была вкусная картошка с мясом;клубнеплод;картошка
726;Он купил себе новый комп для игр;компьютер;комп
727;Вчера мы ходили в кино на новый боевик;экшн фильм;боевик
728;Мой брат работает доктором в больнице;лекарь;доктором
729;На улице сильный ветер, возьми шапку;головной убор;шапку
730;Эта программа помогает редактировать фотки;фотографии;фотки
731;Он мечтает о кругосветном путешествии;вояж;путешествии
732;Город готовится к празднованию Нового Года;торжество;празднованию
733;Собака радостно виляла хвостом, встречая хозяина;верный друг;Собака
734;Я предпочитаю пить зеленый чай без сахара;растительный напиток;чай
735;Она написала замечательное стихотворение о любви;лирика;стихотворение
736;Фермер собрал богатый урожай пшеницы;злаки;пшеницы
737;По телевизору показывали интересный докфильм о природе;научно-популярное кино;докфильм
738;Для ремонта квартиры нужны стройматериалы;ремонтные материалы;стройматериалы
739;Альпинисты покорили высокую гору;горная вершина;гору
740;В парке много аттракционов для детей;карусели;аттракционов
741;Эта ткань очень мягкая и приятная на ощупь;текстиль;ткань
742;Он отличный водила, всегда ездит аккуратно;автомобилист;водила
743;Студенты сдавали сложный экзамен по математике;проверка знаний;экзамен
744;На конференции обсуждались актуальные вопросы науки;симпозиум;конференции
745;Его доклад был посвящен проблемам экологии;публичное выступление;доклад
746;Море было спокойным, и вода прозрачной;акватория;Море
747;Пожарные быстро потушили возгорание в здании;пламя;возгорание
748;Завтрак был легким: йогурт и фрукты;утренняя еда;Завтрак
749;Он открыл свой маленький бизнес в прошлом году;свое дело;бизнес
750;Ребенок увлеченно собирал конструктор лего;развивающая игрушка;конструктор
751;В библиотеке царила тишина, все читали книги;читальный зал;библиотеке
752;Его новая тачка выглядит очень стильно;легковушка;тачка
753;Официант принес нам счет после ужина;работник ресторана;Официант
754;На небе не было ни облачка, светило солнце;облака;облачка
755;Она превосходно готовит итальянскую пасту;макаронные изделия;пасту
756;Этот цветок имеет очень нежный аромат;декоративное растение;цветок
757;Атлет установил новый мировой рекорд;чемпион;Атлет
758;Журналист написал статью о политических событиях;корреспондент;Журналист
759;Мы наблюдали за полетом птиц на закате;летающие создания;птиц
760;Его квартира находится в центре города;апартаменты;квартира
761;Этот фильм получил несколько престижных наград;кинокартина;фильм
762;На столе стояла ваза с красивыми розами;сосуд;ваза
763;Деревня расположена далеко от городской суеты;сельское поселение;Деревня
764;Учитель объяснял новый материал очень понятно;наставник;Учитель
765;Он слушает музыку в наушниках по дороге на работу;мелодии;музыку
766;Здание театра поражает своей архитектурой;архитектурный объект;Здание
767;На полке стояли томики классической литературы;литературные произведения;томики
768;Во время грозы сверкала молния и гремел гром;атмосферное явление;грозы
769;Он занимается спортом, чтобы поддерживать форму;физкультура;спортом
770;Этот суп слишком соленый на мой вкус;жидкое блюдо;суп
771;Медсестра сделала укол пациенту;медик;Медсестра
772;На ферме разводят коров, овец и кур;крупный рогатый скот;коров
773;Он получил в подарок навороченный гаджет;современное устройство;гаджет
774;Пустыня простирается на многие километры;засушливая зона;Пустыня
775;Я отправил бандероль своему другу;почтовое отправление;бандероль
776;В аквариуме плавали разноцветные рыбки;домашние питомцы;рыбки
777;На встречу выпускников пришло много народу;толпа;народу
778;Режиссер снял фильм, ставший культовым;кинематографист;Режиссер
779;Эта мелодия вызывает у меня ностальгию;музыка;мелодия
780;Из окна открывался великолепный вид на горы;панорама;вид
781;Преступника задержала полиция на месте;правоохранители;полиция
782;В салате были помидоры, огурцы и зелень;красный овощ;помидоры
783;Мой начальник сегодня в хорошем настроении;руководитель;начальник
784;Она носит элегантное платье из шелка;женская одежда;платье
785;Этот кофейный напиток очень бодрит по утрам;эспрессо;кофейный напиток
786;На поляне росли яркие полевые цветы;луговые растения;цветы
787;Его слова прозвучали как гром среди ясного неба;шокирующая новость;гром
788;Строительство моста займет несколько лет;переправа;моста
789;Сок из свежих апельсинов очень полезен;фруктовый напиток;Сок
790;У нее очаровательная улыбка и добрые глаза;мимика;улыбка
791;Эта задачка по физике оказалась довольно трудной;головоломка;задачка
792;На выставке были представлены картины современных художников;живопись;картины
793;Он рассказал смешной анекдот, и все засмеялись;шутка;анекдот
794;Зимний вечер располагает к чтению книг у камина;очаг;камина
795;Электричка до города отправляется через час;пригородный поезд;Электричка
796;Врач прописал пациенту лекарство от кашля;медикаменты;лекарство
797;На столе лежали карандаши, ручки и тетрадь;инструмент для письма;ручки
798;Погода сегодня чудесная, солнечно и тепло;атмосферные условия;Погода
799;Этот университет славится своими выпускниками;высшее учебное заведение;университет
800;Сегодня прекрасный денек, солнышко светит ярко;солнце;солнышко
801;Мой пёс очень любит играть с мячиком во дворе;собака;пёс
802;Я купил новый мобильник вчера вечером;сотовый телефон;мобильник
803;Эта тачка просто огонь, очень быстрая;автомобиль;тачка
804;Кот спит на диване целый день;гулять;
805;Мы поехали на электричке в соседний город;поезд;электричке
806;Нужно приготовить ужин для всей семьи;еда;ужин
807;Ребенок плачет, потому что хочет есть;малыш;ребенок
808;Он работает доктором в городской больнице;врач;доктором
809;Эта книга очень занимательная, прочитал за один вечер;интересная;занимательная
810;Скоро наступят каникулы, и мы поедем на море;отдых;каникулы
811;Я хочу пить, дай мне воды;жидкость;воды
812;Компьютер завис, нужно перезагрузить;телефон;
813;У него отличные отметки в школе;оценки;отметки
814;Мы живем в огромном мегаполисе;большой город;мегаполисе
815;Он известный киноактер, снялся во многих фильмах;артист;киноактер
816;Этот фильм вызвал у меня сильные эмоции;чувства;эмоции
817;На улице сильный ливень, возьми зонт;дождь;ливень
818;В холодильнике есть свежие овощи и фрукты;плоды с грядки;овощи
819;Мой дед был отважным воином;солдат;воином
820;Бабуля испекла вкусный пирог с яблоками;бабушка;бабуля
821;В лесу много грибов и ягод;боровики;грибов
822;Он получил письмо от старого приятеля;друг;приятеля
823;Я учусь в университете на программиста;ВУЗ;университете
824;Сегодня я видел красивый закат;обед;
825;Этот котяра постоянно требует внимания;кот;котяра
826;Мы отправились в турпоход по горам Кавказа;путешествие;турпоход
827;На столе стояла ваза с алыми розами;цветы;розами
828;Он превосходный специалист в своей области;мастер;специалист
829;Необходимо починить протекающий кран на кухне;исправить;починить
830;Детишки весело играли на детской площадке;ребята;детишки
831;Старый домишко стоял на окраине деревни;небольшой дом;домишко
832;Его выступление было весьма впечатляющим;очень;весьма
833;Посмотри, какой огромный пёс бежит по улице!;большая собака;огромный пёс
834;Я предпочитаю пить зеленый чай по утрам;напиток;чай
835;Она работает главбухом на крупном предприятии;главный бухгалтер;главбухом
836;Этот гаджет совершенно бесполезен для меня;устройство;гаджет
837;Мы собираемся в кинотеатр на новый блокбастер;фильм;блокбастер
838;Он получил гонорар за свою последнюю книгу;вознаграждение;гонорар
839;На вершине горы лежал вечный снег;пик;вершине
840;Мой братишка скоро пойдет в первый класс;младший брат;братишка
841;Он прославился как выдающийся ученый-физик;исследователь;ученый-физик
842;Эта мелодия звучит очень печально;грустно;печально
843;В магазине огромный выбор разнообразных товаров;ассортимент;выбор
844;Пожарники быстро прибыли на место происшествия;пожарные;пожарники
845;Он живет в маленькой избушке в лесу;жилище;избушке
846;Ее наряд был просто сногсшибательным;одежда;наряд
847;Нужно срочно вызвать неотложку;скорая помощь;неотложку
848;Этот спортсмен демонстрирует великолепные результаты;атлет;спортсмен
849;Перед грозой небо стало багровым;красным;багровым
850;Мы остановились перекусить в придорожном кабаке;закусочная;кабаке
851;Его речь была краткой, но весьма содержательной;лаконичной;краткой
852;В зоопарке мы видели забавного мартышку;обезьяна;мартышку
853;Этот старинный фолиант хранит много тайн;большая книга;фолиант
854;Он работает шоферюгой на старом грузовике;водитель;шоферюгой
855;В саду расцвели прекрасные тюльпаны;компьютер;
856;Он рассказал смешную байку из своей жизни;история;байку
857;Нам предстоит долгий путь через пустыню;дорога;путь
858;Этот парень настоящий сорвиголова;смельчак;сорвиголова
859;Она купила себе шикарное авто;машина;авто
860;В университете я изучаю инглиш;английский язык;инглиш
861;По телику показывают интересный сериал;телевизор;телику
862;Я обожаю кушать мороженку в жаркий день;мороженое;мороженку
863;Он служит в ВДВ уже несколько лет;Воздушно-десантные войска;ВДВ
864;Мы едем отдыхать в Крым на следующей неделе;полуостров;Крым
865;Этот чел какой-то странный;человек;чел
866;Нужно заскочить в магаз за хлебом;магазин;магаз
867;Мой препод по математике очень строгий;преподаватель;препод
868;Она получила красненький диплом;диплом с отличием;красненький диплом
869;Вчера была крутая туса у друзей;вечеринка;туса
870;Нам нужно обсудить этот вопр;вопрос;вопр
871;Он всегда носит с собой свой ноут;ноутбук;ноут
872;Эта общага находится недалеко от универа;общежитие;общага
873;Я скачал новый кинчик посмотреть вечером;кинофильм;кинчик
874;Мой батя работает на заводе;отец;батя
875;На столе лежит книга и ручка;танцевать;
876;Эта речушка впадает в большое озеро;маленькая река;речушка
877;Он живет в огромном особняке за городом;богатый дом;особняке
878;Погода сегодня мерзопакостная, сильный ветер;плохая;мерзопакостная
879;Этот актеришка сыграл свою роль неубедительно;плохой актер;актеришка
880;Она надела свои любимые джинсы и кеды;обувь;кеды
881;Он работает в НИИ РАН;научно-исследовательский институт;НИИ
882;Я отправил ему сообщение в мессенджере;программа для сообщений;мессенджере
883;Этот сок сделан из натуральных фруктиков;фрукты;фруктиков
884;Мой кореш всегда поможет в трудную минуту;товарищ;кореш
885;Нужно заправить тачку бензином;автомобиль;тачку
886;Он любит слушать музон на полной громкости;музыка;музон
887;В этом лесу водятся волки и лисицы;хищник;волки
888;Его квартира находится в центре МСК;Москва;МСК
889;Мы купили арбуз на базаре, он очень сладкий;рынок;базаре
890;Эта картина - настоящий шедевр искусства;великое произведение;шедевр
891;Он постоянно сидит в своем компе;компьютер;компе
892;Я люблю читать книги перед сном;спорт;
893;Они отправились в кругосветное плавание;путешествие по морю;плавание
894;Этот парень - мой однокашник из универа;однокурсник;однокашник
895;На совещании обсуждали важные задачи;деловые вопросы;задачи
896;Его выступление было фурором;большой успех;фурором
897;У меня есть клевый велик для прогулок;велосипед;велик
898;Он известный блогер на Ютубе;видеохостинг;Ютубе
899;Завтра будет солнечно и тепло;холод;
900;маленький котенок играет с мячиком;кот;котенок
901;новые кроссовки очень удобные;обувь;кроссовки
902;я читаю интересную книжку;книга;книжку
903;мы поедем в спб на каникулы;санкт-петербург;спб
904;сегодня очень солнечно и тепло;хорошая погода;солнечно
905;вкусный борщ сварила мама;суп;борщ
906;он купил новый ноут для работы;ноутбук;ноут
907;дети смеялись очень громко;ребенок;дети
908;красивый закат был виден на море;заход солнца;закат
909;я забыл свой телефон дома;мобильник;телефон
910;на столе стояла ваза с цветами;цветок;цветами
911;собака весело виляла хвостом;пес;собака
912;старенький дедушка сидел на скамейке;старик;дедушка
913;она надела красное платьице;платье;платьице
914;в лесу много грибов и ягод;гриб;грибов
915;мой братишка пошел в первый класс;брат;братишка
916;сестренка любит рисовать картинки;сестра;сестренка
917;мы смотрели увлекательный кинчик;фильм;кинчик
918;он работает доктором в больнице;врач;доктором
919;яркое солнышко светило весь день;солнце;солнышко
920;папа починил сломанный велик;велосипед;велик
921;бабуля испекла вкусные пирожки;бабушка;бабуля
922;я пью горячий чаек с лимоном;чай;чаек
923;в холодильнике есть свежее молочко;молоко;молочко
924;машина едет по широкой дороге;авто;машина
925;я купил билеты в кинотеатр;кино;кинотеатр
926;скоро наступит долгожданный отпуск;каникулы;отпуск
927;в универе задали много домашки;университет;универе
928;он получил хорошую отметку по математике;оценка;отметку
929;я встретил своего старого друга;товарищ;друга
930;на улице идет сильный дождь;солнце;
931;я читаю книгу о приключениях;музыка;
932;она готовит вкусный ужин;спорт;
933;мы едем на море отдыхать;горы;
934;в саду растут яблони и груши;овощи;
935;он посетил Москву столицу России;главный город;Москву
936;он отличный специалист в своей области;профессионал;специалист
937;это здание очень высокое;строение;здание
938;река течет быстро и шумно;водоем;река
939;мы купили новый телек в гостиную;телевизор;телек
940;маленькие детишки играют в песочнице;дети;детишки
941;в холодильнике есть мороженка;мороженое;мороженка
942;мой старший братан работает инженером;брат;братан
943;он слушает громкую музяку в наушниках;музыка;музяку
944;наша команда одержала победу в соревновании;выигрыш;победу
945;я еду в офис на своей тачке;автомобиль;тачке
946;преподаватель объяснил сложную тему;учитель;преподаватель
947;мы собираемся на пикничок в лес;пикник;пикничок
948;скоро приедет моя любимая тётушка;тётя;тётушка
949;этот фильм получил много наград;кинокартина;фильм
950;я люблю пить кофеек по утрам;кофе;кофеек
951;мой песик очень любит гулять;собака;песик
952;мы живем в большом домище на окраине;дом;домище
953;спортсмен получил золотую медальку;медаль;медальку
954;на днюху мне подарили новый смартфон;день рождения;днюху
955;он пошел в магаз за хлебом;магазин;магаз
956;сегодня будет крутая туса у друзей;вечеринка;туса
957;я скачал новую игруху на комп;игра;игруху
958;в кабаке было много народу и шумно;ресторан;кабаке
959;он рассказал смешной анек на вечеринке;анекдот;анек
960;завтра я иду на концерт любимой группы;театр;
961;она читает статью про экологию в журнале;кулинария;
962;мы обсуждали последние новости политики вчера;искусство;
963;он купил свежие овощи на рынке для салата;фрукты;
964;я пишу письмо своему другу за границу;телефонный звонок;
965;мы планируем поездку на байкал летом;великое озеро;байкал
966;вчера я смотрел матч спартака по телевизору;футбольный клуб;спартака
967;он читает известный роман война и мир;произведение толстого;роман
968;наша компания выпустила новый гаджет на рынок;устройство;гаджет
969;он работает в айти компании уже пять лет;информационные технологии;айти
970;мой универ находится в центре города;учебное заведение;универ
971;мы заказали пиццу на вечер с друзьями;итальянское блюдо;пиццу
972;он занимается спортом каждый день для здоровья;физическая активность;спортом
973;я купил акции газпрома на бирже;ценные бумаги;акции
974;она посмотрела новый видос на ютубе;видеоролик;видос
975;этот чел очень умный и начитанный;человек;чел
976;мы едем на дачу на все выходные отдохнуть;загородный дом;дачу
977;он получил зарплату на карту вовремя;денежное вознаграждение;зарплату
978;в городе построили новый мост через реку;инженерное сооружение;мост
979;она любит слушать классическую музыку в тишине;мелодии;музыку
980;в лесу поют птички очень красиво по утрам;пернатые создания;птички
981;он ест вкусный бутер с колбасой на завтрак;бутерброд;бутер
982;это было обидное поражение для нашей команды;проигрыш;поражение
983;он купил подарок для своей девушки на праздник;презент;подарок
984;я отправил важное сообщение другу по почте;электронное письмо;сообщение
985;вчера была сильная гроза с молниями и градом;непогода;гроза
986;он известный актер театра и кино в стране;артист;актер
987;мы гуляли по центральной площади города вечером;главное место;площади
988;она написала заявление на отпуск на две недели;официальный документ;заявление
989;ребенок получил новую игрушку в подарок от родителей;детская забава;игрушку
990;полицейский остановил нарушителя на дороге за превышение;сотрудник полиции;полицейский
991;вратарь спас команду от верного гола в матче;голкипер;вратарь
992;в магазине продаются свежие фруктики и ягоды;фрукты;фруктики
993;он живет в небольшой деревушке у реки с семьей;деревня;деревушке
994;мы смотрели интересный документальный фильмец о природе;фильм;фильмец
995;на столе стоял кувшин с водичкой для питья;вода;водичкой
996;малыш радостно смеялся новой погремушке;младенец;малыш
997;этот регион славится своими винами и кухней;область;регион
998;он починил свой старый мобильник в мастерской;сотовый телефон;мобильник
999;она испекла вкусный тортик на праздник для гостей;торт;тортик
